Date,INV_Value
20/08/1982,338764
27/08/1982,336138
24/09/1982,335586
01/10/1982,334786
08/10/1982,335260
15/10/1982,326979
22/10/1982,334370
29/10/1982,333067
05/11/1982,331057
12/11/1982,323448
19/11/1982,331264
26/11/1982,325639
03/12/1982,332447
10/12/1982,337943
17/12/1982,338912
24/12/1982,335061
31/12/1982,330150
07/01/1983,326701
14/01/1983,339028
21/01/1983,334178
28/01/1983,339617
04/02/1983,332527
11/02/1983,338719
18/02/1983,342040
25/02/1983,349452
04/03/1983,339216
11/03/1983,341753
18/03/1983,335901
25/03/1983,337155
01/04/1983,331215
08/04/1983,335263
15/04/1983,340539
29/04/1983,342707
13/05/1983,342703
20/05/1983,345545
03/06/1983,334607
10/06/1983,333407
17/06/1983,332713
24/06/1983,331611
01/07/1983,333387
08/07/1983,326776
15/07/1983,324265
22/07/1983,323643
29/07/1983,326267
05/08/1983,322642
12/08/1983,314861
19/08/1983,320879
26/08/1983,325015
02/09/1983,328895
09/09/1983,326370
16/09/1983,328092
23/09/1983,328203
30/09/1983,329028
07/10/1983,331723
14/10/1983,334292
21/10/1983,331681
28/10/1983,324210
04/11/1983,335837
11/11/1983,339341
18/11/1983,334859
25/11/1983,330704
02/12/1983,326264
09/12/1983,332192
16/12/1983,330911
23/12/1983,326469
30/12/1983,327028
06/01/1984,328070
13/01/1984,331804
20/01/1984,327811
27/01/1984,324301
03/02/1984,320842
10/02/1984,320037
17/02/1984,322097
24/02/1984,317999
02/03/1984,317746
09/03/1984,313132
16/03/1984,312445
23/03/1984,309072
30/03/1984,310506
06/04/1984,320689
13/04/1984,324087
20/04/1984,323505
27/04/1984,319724
04/05/1984,326633
11/05/1984,332296
18/05/1984,340510
25/05/1984,332465
01/06/1984,339659
08/06/1984,342189
15/06/1984,338234
22/06/1984,331714
29/06/1984,335999
06/07/1984,330378
13/07/1984,333149
20/07/1984,339830
27/07/1984,331607
03/08/1984,332398
10/08/1984,333554
17/08/1984,323344
24/08/1984,326092
31/08/1984,321597
07/09/1984,318672
14/09/1984,318007
21/09/1984,306957
28/09/1984,308426
05/10/1984,311211
12/10/1984,318610
19/10/1984,315273
26/10/1984,320900
02/11/1984,314922
09/11/1984,325115
16/11/1984,334201
23/11/1984,332639
30/11/1984,325608
07/12/1984,322292
14/12/1984,331783
21/12/1984,320537
28/12/1984,322281
04/01/1985,319923
11/01/1985,324107
18/01/1985,326508
25/01/1985,317918
01/02/1985,309460
08/02/1985,305989
15/02/1985,298076
22/02/1985,295928
01/03/1985,298757
08/03/1985,303198
15/03/1985,307344
22/03/1985,310423
29/03/1985,313149
05/04/1985,302000
12/04/1985,304744
19/04/1985,309715
26/04/1985,322205
03/05/1985,330347
10/05/1985,327605
17/05/1985,328263
24/05/1985,333896
31/05/1985,333399
07/06/1985,330564
14/06/1985,331306
21/06/1985,330077
28/06/1985,323682
05/07/1985,320782
12/07/1985,314931
19/07/1985,313728
26/07/1985,307219
02/08/1985,302128
09/08/1985,307275
16/08/1985,304954
23/08/1985,294068
30/08/1985,299740
06/09/1985,294402
13/09/1985,294828
20/09/1985,289541
27/09/1985,291175
04/10/1985,294662
11/10/1985,302337
18/10/1985,294952
25/10/1985,298122
01/11/1985,290776
08/11/1985,290134
15/11/1985,288284
22/11/1985,291676
29/11/1985,294140
06/12/1985,300376
13/12/1985,296771
20/12/1985,300234
27/12/1985,298551
03/01/1986,305147
10/01/1986,299779
17/01/1986,297979
24/01/1986,305632
31/01/1986,302996
07/02/1986,311382
14/02/1986,306754
21/02/1986,300623
28/02/1986,310183
07/03/1986,313853
14/03/1986,312567
21/03/1986,314941
28/03/1986,323395
04/04/1986,316315
11/04/1986,319613
18/04/1986,317219
25/04/1986,311499
02/05/1986,317285
09/05/1986,311336
16/05/1986,303348
23/05/1986,308590
30/05/1986,305568
06/06/1986,310824
13/06/1986,299249
20/06/1986,302543
27/06/1986,303908
04/07/1986,299341
11/07/1986,298871
18/07/1986,307065
25/07/1986,310051
01/08/1986,320012
08/08/1986,312924
15/08/1986,310871
22/08/1986,308755
29/08/1986,310955
05/09/1986,306246
12/09/1986,310490
19/09/1986,307280
26/09/1986,313278
03/10/1986,315751
10/10/1986,313010
17/10/1986,320001
24/10/1986,318425
31/10/1986,327758
07/11/1986,315272
14/11/1986,319679
21/11/1986,318454
28/11/1986,321037
05/12/1986,317980
12/12/1986,321059
19/12/1986,317982
26/12/1986,306597
02/01/1987,307823
09/01/1987,316926
16/01/1987,307260
23/01/1987,304234
30/01/1987,309455
06/02/1987,308479
13/02/1987,307917
20/02/1987,308205
27/02/1987,311491
06/03/1987,310363
13/03/1987,305895
20/03/1987,313392
27/03/1987,308038
03/04/1987,314031
10/04/1987,308491
17/04/1987,299466
24/04/1987,298167
01/05/1987,307567
08/05/1987,302611
15/05/1987,300278
22/05/1987,303381
29/05/1987,299567
05/06/1987,300954
12/06/1987,301345
19/06/1987,301883
26/06/1987,304454
03/07/1987,304943
10/07/1987,302862
17/07/1987,298706
24/07/1987,301702
31/07/1987,307077
07/08/1987,300958
14/08/1987,302412
21/08/1987,309220
28/08/1987,309451
04/09/1987,313494
11/09/1987,312686
18/09/1987,312588
25/09/1987,316043
02/10/1987,314186
09/10/1987,310961
16/10/1987,313755
23/10/1987,316857
30/10/1987,328896
06/11/1987,333255
13/11/1987,335157
20/11/1987,338198
27/11/1987,335814
04/12/1987,337304
11/12/1987,338654
18/12/1987,340670
25/12/1987,339178
01/01/1988,333655
08/01/1988,320851
15/01/1988,320568
22/01/1988,319760
29/01/1988,316008
05/02/1988,317127
12/02/1988,312386
19/02/1988,320876
26/02/1988,324061
04/03/1988,325274
11/03/1988,325188
18/03/1988,328937
25/03/1988,327289
01/04/1988,328537
08/04/1988,333705
15/04/1988,333296
22/04/1988,338077
29/04/1988,335042
06/05/1988,340335
13/05/1988,343544
20/05/1988,345463
27/05/1988,341208
03/06/1988,343019
10/06/1988,340370
17/06/1988,344567
24/06/1988,341838
01/07/1988,342310
08/07/1988,339783
15/07/1988,334259
22/07/1988,330751
29/07/1988,332365
05/08/1988,330335
12/08/1988,327971
19/08/1988,323205
26/08/1988,318511
02/09/1988,313544
09/09/1988,311683
16/09/1988,305143
23/09/1988,300430
30/09/1988,306036
07/10/1988,305450
14/10/1988,310447
21/10/1988,315085
28/10/1988,316401
04/11/1988,322097
11/11/1988,318675
18/11/1988,326823
25/11/1988,322409
02/12/1988,319749
09/12/1988,324248
16/12/1988,318990
23/12/1988,314765
30/12/1988,313654
06/01/1989,305576
13/01/1989,302665
20/01/1989,306513
27/01/1989,307008
03/02/1989,313945
10/02/1989,305217
17/02/1989,306065
24/02/1989,305255
03/03/1989,315037
10/03/1989,313828
17/03/1989,318360
24/03/1989,317835
31/03/1989,307789
07/04/1989,306513
14/04/1989,302086
21/04/1989,312478
28/04/1989,316567
05/05/1989,327039
12/05/1989,328885
19/05/1989,322400
26/05/1989,320489
02/06/1989,324887
09/06/1989,321641
16/06/1989,319223
23/06/1989,322738
30/06/1989,315455
07/07/1989,315749
14/07/1989,313424
21/07/1989,312422
28/07/1989,313680
04/08/1989,313202
11/08/1989,310165
18/08/1989,319131
25/08/1989,318038
01/09/1989,317963
08/09/1989,320241
15/09/1989,309387
22/09/1989,310542
29/09/1989,313121
06/10/1989,318394
13/10/1989,323920
20/10/1989,317150
27/10/1989,322286
03/11/1989,320398
10/11/1989,327954
17/11/1989,327780
24/11/1989,324125
01/12/1989,332385
08/12/1989,323052
15/12/1989,328006
22/12/1989,325360
29/12/1989,324280
05/01/1990,324222
12/01/1990,327819
19/01/1990,326173
26/01/1990,324123
02/02/1990,334128
09/02/1990,329316
16/02/1990,326869
23/02/1990,322293
02/03/1990,325816
09/03/1990,332142
16/03/1990,330696
23/03/1990,339931
30/03/1990,342865
06/04/1990,349942
13/04/1990,350859
20/04/1990,349299
27/04/1990,353507
04/05/1990,353485
11/05/1990,358198
18/05/1990,361994
25/05/1990,362719
01/06/1990,365618
08/06/1990,367486
15/06/1990,367001
22/06/1990,367704
29/06/1990,368708
06/07/1990,365658
13/07/1990,370201
20/07/1990,368024
27/07/1990,372593
03/08/1990,364848
10/08/1990,360003
17/08/1990,360333
24/08/1990,361957
31/08/1990,356710
07/09/1990,359583
14/09/1990,353936
21/09/1990,348211
28/09/1990,338384
05/10/1990,336271
12/10/1990,328752
19/10/1990,325992
26/10/1990,327234
02/11/1990,331392
09/11/1990,333036
16/11/1990,327293
23/11/1990,324268
30/11/1990,326855
07/12/1990,321412
14/12/1990,320154
21/12/1990,321992
28/12/1990,315920
04/01/1991,307542
11/01/1991,308440
18/01/1991,307051
25/01/1991,307043
01/02/1991,310149
08/02/1991,311359
15/02/1991,317278
22/02/1991,316183
01/03/1991,315962
08/03/1991,314290
15/03/1991,320665
22/03/1991,321538
29/03/1991,326275
05/04/1991,321264
12/04/1991,325762
19/04/1991,322676
26/04/1991,328220
03/05/1991,324141
10/05/1991,323906
17/05/1991,329898
24/05/1991,329325
31/05/1991,336202
07/06/1991,337008
14/06/1991,337807
21/06/1991,336429
28/06/1991,333376
05/07/1991,334579
12/07/1991,333524
19/07/1991,331739
26/07/1991,327970
02/08/1991,328659
09/08/1991,330373
16/08/1991,328440
23/08/1991,333744
30/08/1991,335646
06/09/1991,325886
13/09/1991,319319
20/09/1991,319450
27/09/1991,324157
04/10/1991,323069
11/10/1991,326402
18/10/1991,323942
25/10/1991,332763
01/11/1991,326645
08/11/1991,330460
15/11/1991,335596
22/11/1991,329588
29/11/1991,324131
06/12/1991,329127
13/12/1991,323089
20/12/1991,318937
27/12/1991,308857
03/01/1992,314823
10/01/1992,318314
17/01/1992,317138
24/01/1992,322809
31/01/1992,318393
07/02/1992,318207
14/02/1992,316400
21/02/1992,319575
28/02/1992,326596
06/03/1992,332894
13/03/1992,327449
20/03/1992,330980
27/03/1992,325460
03/04/1992,321859
10/04/1992,330314
17/04/1992,333120
24/04/1992,333922
01/05/1992,335376
08/05/1992,334716
15/05/1992,336011
22/05/1992,331422
29/05/1992,328776
05/06/1992,329598
12/06/1992,330394
19/06/1992,324093
26/06/1992,313189
03/07/1992,312195
10/07/1992,314858
17/07/1992,308493
24/07/1992,308467
31/07/1992,314258
07/08/1992,312486
14/08/1992,311493
21/08/1992,316097
28/08/1992,308645
04/09/1992,310794
11/09/1992,310111
18/09/1992,310947
25/09/1992,306213
02/10/1992,309071
09/10/1992,308292
16/10/1992,310536
23/10/1992,311561
30/10/1992,314967
06/11/1992,308578
13/11/1992,301537
20/11/1992,307093
27/11/1992,308640
04/12/1992,307589
11/12/1992,313161
18/12/1992,312842
25/12/1992,301053
01/01/1993,301973
08/01/1993,299341
15/01/1993,307272
22/01/1993,306106
29/01/1993,308108
05/02/1993,311717
12/02/1993,318408
19/02/1993,308086
26/02/1993,315969
05/03/1993,321897
12/03/1993,327504
19/03/1993,314322
26/03/1993,322220
02/04/1993,322889
09/04/1993,334413
16/04/1993,325153
23/04/1993,326248
30/04/1993,328945
07/05/1993,329635
14/05/1993,335087
21/05/1993,338201
28/05/1993,334383
04/06/1993,332686
11/06/1993,324772
18/06/1993,334025
25/06/1993,340315
02/07/1993,331995
09/07/1993,335417
16/07/1993,343583
23/07/1993,338056
30/07/1993,333639
06/08/1993,334659
13/08/1993,330153
20/08/1993,325426
27/08/1993,326782
03/09/1993,320499
10/09/1993,321821
17/09/1993,321610
24/09/1993,312084
01/10/1993,309991
08/10/1993,314249
15/10/1993,309375
22/10/1993,316800
29/10/1993,318584
05/11/1993,315239
12/11/1993,320250
19/11/1993,314738
26/11/1993,316131
03/12/1993,321509
10/12/1993,327837
17/12/1993,330247
24/12/1993,330079
31/12/1993,323542
07/01/1994,316593
14/01/1994,316399
21/01/1994,310921
28/01/1994,314011
04/02/1994,317837
11/02/1994,313482
18/02/1994,316510
25/02/1994,309328
04/03/1994,316945
11/03/1994,311869
18/03/1994,323772
25/03/1994,318641
01/04/1994,318717
08/04/1994,319232
15/04/1994,321163
22/04/1994,321241
29/04/1994,322151
06/05/1994,316458
13/05/1994,315520
20/05/1994,317174
27/05/1994,316080
03/06/1994,311596
10/06/1994,308787
17/06/1994,307220
24/06/1994,310699
01/07/1994,311642
08/07/1994,311816
15/07/1994,314998
22/07/1994,318255
29/07/1994,312403
05/08/1994,309883
12/08/1994,312998
19/08/1994,310161
26/08/1994,307717
02/09/1994,307532
09/09/1994,307270
16/09/1994,308725
23/09/1994,314620
30/09/1994,317891
07/10/1994,316959
14/10/1994,321399
21/10/1994,319570
28/10/1994,328905
04/11/1994,327917
11/11/1994,327189
18/11/1994,324211
25/11/1994,321739
02/12/1994,321693
09/12/1994,320205
16/12/1994,319550
23/12/1994,320236
30/12/1994,312846
06/01/1995,314560
13/01/1995,313278
20/01/1995,306864
27/01/1995,306583
03/02/1995,309810
10/02/1995,303476
17/02/1995,310839
24/02/1995,305268
03/03/1995,308234
10/03/1995,308719
17/03/1995,309258
24/03/1995,313308
31/03/1995,321069
07/04/1995,318266
14/04/1995,319450
21/04/1995,322472
28/04/1995,318365
05/05/1995,316444
12/05/1995,317267
19/05/1995,313118
26/05/1995,310099
02/06/1995,307943
09/06/1995,307390
16/06/1995,306901
23/06/1995,299434
30/06/1995,303160
07/07/1995,301985
14/07/1995,301968
21/07/1995,295085
28/07/1995,298034
04/08/1995,291165
11/08/1995,293670
18/08/1995,286280
25/08/1995,289233
01/09/1995,296654
08/09/1995,292052
15/09/1995,291145
22/09/1995,290595
29/09/1995,285540
06/10/1995,281156
13/10/1995,281131
20/10/1995,283307
27/10/1995,284831
03/11/1995,288122
10/11/1995,286496
17/11/1995,296105
24/11/1995,302184
01/12/1995,299072
08/12/1995,294812
15/12/1995,300674
22/12/1995,294817
29/12/1995,284591
05/01/1996,285623
12/01/1996,288551
19/01/1996,292829
26/01/1996,291084
02/02/1996,288674
09/02/1996,286440
16/02/1996,283380
23/02/1996,283723
01/03/1996,280448
08/03/1996,288673
15/03/1996,283404
22/03/1996,282187
29/03/1996,280124
05/04/1996,282424
12/04/1996,283823
19/04/1996,279794
26/04/1996,279424
03/05/1996,286604
10/05/1996,284902
17/05/1996,280450
24/05/1996,281578
31/05/1996,293515
07/06/1996,291863
14/06/1996,288853
21/06/1996,289709
28/06/1996,296562
05/07/1996,298222
12/07/1996,295695
19/07/1996,291857
26/07/1996,292972
02/08/1996,290295
09/08/1996,289134
16/08/1996,291014
23/08/1996,300715
30/08/1996,295650
06/09/1996,292562
13/09/1996,290575
20/09/1996,291751
27/09/1996,286638
04/10/1996,286261
11/10/1996,282960
18/10/1996,288701
25/10/1996,285642
01/11/1996,295892
08/11/1996,290762
15/11/1996,288297
22/11/1996,283501
29/11/1996,283728
06/12/1996,282735
13/12/1996,279788
20/12/1996,273685
27/12/1996,276127
03/01/1997,267904
10/01/1997,272956
17/01/1997,271491
24/01/1997,274863
31/01/1997,280898
07/02/1997,284247
14/02/1997,288732
21/02/1997,288568
28/02/1997,283145
07/03/1997,288475
14/03/1997,288585
21/03/1997,287497
28/03/1997,293843
04/04/1997,294041
11/04/1997,296665
18/04/1997,298115
25/04/1997,300941
02/05/1997,300885
09/05/1997,307280
16/05/1997,301845
23/05/1997,305059
30/05/1997,309261
06/06/1997,308845
13/06/1997,307589
20/06/1997,307126
27/06/1997,301399
04/07/1997,306218
11/07/1997,303759
18/07/1997,301774
25/07/1997,291884
01/08/1997,291120
08/08/1997,296258
15/08/1997,296882
22/08/1997,291628
29/08/1997,290026
05/09/1997,283928
12/09/1997,287722
19/09/1997,283839
26/09/1997,285157
03/10/1997,289944
10/10/1997,287772
17/10/1997,284474
24/10/1997,289079
31/10/1997,295098
07/11/1997,293789
14/11/1997,299075
21/11/1997,302849
28/11/1997,305669
05/12/1997,300911
12/12/1997,303451
19/12/1997,299482
26/12/1997,296230
02/01/1998,289764
09/01/1998,288685
16/01/1998,299897
23/01/1998,305583
30/01/1998,304961
06/02/1998,304983
13/02/1998,306685
20/02/1998,309568
27/02/1998,307969
06/03/1998,307194
13/03/1998,305137
20/03/1998,311606
27/03/1998,313200
03/04/1998,314569
10/04/1998,319899
17/04/1998,324906
24/04/1998,325209
01/05/1998,327368
08/05/1998,326705
15/05/1998,337928
22/05/1998,334682
29/05/1998,330394
05/06/1998,329534
12/06/1998,326836
19/06/1998,325182
26/06/1998,326843
03/07/1998,324057
10/07/1998,317425
17/07/1998,322966
24/07/1998,326795
31/07/1998,327478
07/08/1998,328423
14/08/1998,327887
21/08/1998,321012
28/08/1998,320694
04/09/1998,312057
11/09/1998,309675
18/09/1998,300336
25/09/1998,303433
02/10/1998,305893
09/10/1998,312682
16/10/1998,316227
23/10/1998,319964
30/10/1998,323739
06/11/1998,322932
13/11/1998,320397
20/11/1998,325554
27/11/1998,319986
04/12/1998,318465
11/12/1998,321884
18/12/1998,323364
25/12/1998,320706
01/01/1999,305728
08/01/1999,308268
15/01/1999,310975
22/01/1999,314148
29/01/1999,316730
05/02/1999,317131
12/02/1999,315393
19/02/1999,318431
26/02/1999,315274
05/03/1999,318266
12/03/1999,321929
19/03/1999,324736
26/03/1999,328539
02/04/1999,326768
09/04/1999,328885
16/04/1999,325729
23/04/1999,322286
30/04/1999,320145
07/05/1999,317539
14/05/1999,318092
21/05/1999,315769
28/05/1999,314722
04/06/1999,316858
11/06/1999,318672
18/06/1999,315949
25/06/1999,314225
02/07/1999,314030
09/07/1999,317718
16/07/1999,318092
23/07/1999,312916
30/07/1999,309516
06/08/1999,307249
13/08/1999,305616
20/08/1999,301091
27/08/1999,301653
03/09/1999,297212
10/09/1999,292930
17/09/1999,293119
24/09/1999,288862
01/10/1999,288395
08/10/1999,281186
15/10/1999,284609
22/10/1999,284878
29/10/1999,288599
05/11/1999,288955
12/11/1999,290755
19/11/1999,287692
26/11/1999,283338
03/12/1999,283063
10/12/1999,277477
17/12/1999,276646
24/12/1999,276345
31/12/1999,274626
07/01/2000,277549
14/01/2000,277464
21/01/2000,275032
28/01/2000,266614
04/02/2000,269982
11/02/2000,269796
18/02/2000,269487
25/02/2000,269816
03/03/2000,274502
10/03/2000,274933
17/03/2000,276572
24/03/2000,276422
31/03/2000,277924
07/04/2000,280771
14/04/2000,286265
21/04/2000,291335
28/04/2000,288071
05/05/2000,292607
12/05/2000,292857
19/05/2000,293806
26/05/2000,289205
02/06/2000,285075
09/06/2000,283639
16/06/2000,279078
23/06/2000,279405
30/06/2000,277611
07/07/2000,278885
14/07/2000,278400
21/07/2000,278674
28/07/2000,268121
04/08/2000,269659
11/08/2000,273059
18/08/2000,268901
25/08/2000,270948
01/09/2000,273691
08/09/2000,272764
15/09/2000,270282
22/09/2000,269781
29/09/2000,270873
06/10/2000,271752
13/10/2000,267235
20/10/2000,269640
27/10/2000,268151
03/11/2000,266594
10/11/2000,268091
17/11/2000,274255
24/11/2000,274177
01/12/2000,276195
08/12/2000,272826
15/12/2000,275859
22/12/2000,274608
29/12/2000,272771
05/01/2001,272072
12/01/2001,271062
19/01/2001,269952
26/01/2001,266382
02/02/2001,269298
09/02/2001,272662
16/02/2001,260782
23/02/2001,263661
02/03/2001,260949
09/03/2001,268920
16/03/2001,273922
23/03/2001,285110
30/03/2001,286795
06/04/2001,290606
13/04/2001,296817
20/04/2001,295392
27/04/2001,301717
04/05/2001,302335
11/05/2001,304811
18/05/2001,308153
25/05/2001,306411
01/06/2001,307913
08/06/2001,299709
15/06/2001,298981
22/06/2001,298973
29/06/2001,294220
06/07/2001,291112
13/07/2001,298133
20/07/2001,299513
27/07/2001,298463
03/08/2001,291804
10/08/2001,288954
17/08/2001,284951
24/08/2001,287648
31/08/2001,285694
07/09/2001,286655
14/09/2001,286029
21/09/2001,289215
28/09/2001,290827
05/10/2001,290699
12/10/2001,286259
19/10/2001,289082
26/10/2001,291538
02/11/2001,295552
09/11/2001,295285
16/11/2001,294065
23/11/2001,290885
30/11/2001,295140
07/12/2001,292803
14/12/2001,293164
21/12/2001,295777
28/12/2001,293607
04/01/2002,294406
11/01/2002,295434
18/01/2002,298183
25/01/2002,300289
01/02/2002,302497
08/02/2002,304998
15/02/2002,301890
22/02/2002,299422
01/03/2002,303756
08/03/2002,304089
15/03/2002,306697
22/03/2002,302253
29/03/2002,308278
05/04/2002,308541
12/04/2002,302876
19/04/2002,304462
26/04/2002,309034
03/05/2002,303358
10/05/2002,299171
17/05/2002,303801
24/05/2002,302265
31/05/2002,308297
07/06/2002,307115
14/06/2002,306632
21/06/2002,303193
28/06/2002,304766
05/07/2002,300361
12/07/2002,298381
19/07/2002,294699
26/07/2002,292722
02/08/2002,290642
09/08/2002,283437
16/08/2002,286290
23/08/2002,286554
30/08/2002,281926
06/09/2002,276874
13/09/2002,271470
20/09/2002,268878
27/09/2002,258896
04/10/2002,254248
11/10/2002,263223
18/10/2002,270000
25/10/2002,270914
01/11/2002,274396
08/11/2002,267506
15/11/2002,271961
22/11/2002,268062
29/11/2002,271138
06/12/2002,272561
13/12/2002,270500
20/12/2002,271215
27/12/2002,262089
03/01/2003,262508
10/01/2003,256079
17/01/2003,257664
24/01/2003,257156
31/01/2003,258100
07/02/2003,253779
14/02/2003,256837
21/02/2003,255803
28/02/2003,257500
07/03/2003,253212
14/03/2003,253684
21/03/2003,257389
28/03/2003,264122
04/04/2003,260624
11/04/2003,260756
18/04/2003,269727
25/04/2003,271549
02/05/2003,271099
09/05/2003,268376
16/05/2003,269040
23/05/2003,270067
30/05/2003,272931
06/06/2003,268240
13/06/2003,272224
20/06/2003,268079
27/06/2003,265963
04/07/2003,265819
11/07/2003,262189
18/07/2003,259850
25/07/2003,260944
01/08/2003,264082
08/08/2003,264262
15/08/2003,262676
22/08/2003,262492
29/08/2003,264253
05/09/2003,259784
12/09/2003,262933
19/09/2003,264423
26/09/2003,264376
03/10/2003,269223
10/10/2003,273020
17/10/2003,271225
24/10/2003,274865
31/10/2003,274914
07/11/2003,273975
14/11/2003,276885
21/11/2003,271996
28/11/2003,267167
05/12/2003,261722
12/12/2003,256598
19/12/2003,258243
26/12/2003,254466
02/01/2004,252611
09/01/2004,247627
16/01/2004,248839
23/01/2004,247323
30/01/2004,255245
06/02/2004,252192
13/02/2004,257092
20/02/2004,257092
27/02/2004,259092
05/03/2004,262729
12/03/2004,264309
19/03/2004,271841
26/03/2004,277539
02/04/2004,276118
09/04/2004,279266
16/04/2004,279474
23/04/2004,282653
30/04/2004,282748
07/05/2004,283676
14/05/2004,282580
21/05/2004,282605
28/05/2004,285384
04/06/2004,286099
11/06/2004,286951
18/06/2004,289366
25/06/2004,288862
02/07/2004,288952
09/07/2004,286780
16/07/2004,283207
23/07/2004,284379
30/07/2004,282564
06/08/2004,278427
13/08/2004,277216
20/08/2004,275516
27/08/2004,271284
03/09/2004,269754
10/09/2004,262742
17/09/2004,253630
24/09/2004,257031
01/10/2004,257912
08/10/2004,262115
15/10/2004,263313
22/10/2004,267257
29/10/2004,273529
05/11/2004,275232
12/11/2004,276047
19/11/2004,276132
26/11/2004,276981
03/12/2004,277522
10/12/2004,277396
17/12/2004,279520
24/12/2004,278661
31/12/2004,275442
07/01/2005,273060
14/01/2005,276461
21/01/2005,279890
28/01/2005,279566
04/02/2005,278156
11/02/2005,280298
18/02/2005,280906
25/02/2005,283301
04/03/2005,286276
11/03/2005,288869
18/03/2005,292966
25/03/2005,298349
01/04/2005,301151
08/04/2005,304805
15/04/2005,303032
22/04/2005,308447
29/04/2005,311127
06/05/2005,313562
13/05/2005,317905
20/05/2005,316218
27/05/2005,317706
03/06/2005,314711
10/06/2005,312928
17/06/2005,311349
24/06/2005,312453
01/07/2005,308884
08/07/2005,304985
15/07/2005,304085
22/07/2005,301840
29/07/2005,302036
05/08/2005,304790
12/08/2005,305031
19/08/2005,306883
26/08/2005,305363
02/09/2005,298938
09/09/2005,292378
16/09/2005,292056
23/09/2005,289644
30/09/2005,289398
07/10/2005,290324
14/10/2005,295879
21/10/2005,300293
28/10/2005,303027
04/11/2005,307436
11/11/2005,305277
18/11/2005,305631
25/11/2005,301443
02/12/2005,304230
09/12/2005,305122
16/12/2005,306422
23/12/2005,306540
30/12/2005,305527
06/01/2006,302584
13/01/2006,305325
20/01/2006,303016
27/01/2006,304935
03/02/2006,304523
10/02/2006,309376
17/02/2006,310497
24/02/2006,312135
03/03/2006,318776
10/03/2006,323612
17/03/2006,322302
24/03/2006,324332
31/03/2006,326442
07/04/2006,329594
14/04/2006,328788
21/04/2006,328562
28/04/2006,330289
05/05/2006,330615
12/05/2006,330550
19/05/2006,327552
26/05/2006,329151
02/06/2006,330434
09/06/2006,329454
16/06/2006,330839
23/06/2006,327510
30/06/2006,325089
07/07/2006,319159
14/07/2006,319310
21/07/2006,319340
28/07/2006,317566
04/08/2006,316380
11/08/2006,314773
18/08/2006,314130
25/08/2006,316611
01/09/2006,314507
08/09/2006,311603
15/09/2006,308755
22/09/2006,308646
29/09/2006,312001
06/10/2006,314132
13/10/2006,319152
20/10/2006,315947
27/10/2006,317857
03/11/2006,318374
10/11/2006,319657
17/11/2006,324818
24/11/2006,324458
01/12/2006,323268
08/12/2006,318973
15/12/2006,312650
22/12/2006,304518
29/12/2006,303219
05/01/2007,297470
12/01/2007,304238
19/01/2007,305027
26/01/2007,307711
02/02/2007,307193
09/02/2007,306604
16/02/2007,310298
23/02/2007,311719
02/03/2007,306822
09/03/2007,308002
16/03/2007,311926
23/03/2007,311080
30/03/2007,315387
06/04/2007,316219
13/04/2007,315225
20/04/2007,317299
27/04/2007,318468
04/05/2007,323940
11/05/2007,325001
18/05/2007,326970
25/05/2007,325014
01/06/2007,325227
08/06/2007,325309
15/06/2007,332211
22/06/2007,333773
29/06/2007,336924
06/07/2007,335336
13/07/2007,334887
20/07/2007,333784
27/07/2007,327287
03/08/2007,323326
10/08/2007,318159
17/08/2007,320049
24/08/2007,316563
31/08/2007,312591
07/09/2007,305578
14/09/2007,301704
21/09/2007,303546
28/09/2007,304684
05/10/2007,302875
12/10/2007,304659
19/10/2007,299371
26/10/2007,295477
02/11/2007,294517
09/11/2007,297331
16/11/2007,296260
23/11/2007,295808
30/11/2007,287895
07/12/2007,286806
14/12/2007,279220
21/12/2007,275921
28/12/2007,271865
04/01/2008,265361
11/01/2008,269620
18/01/2008,271917
25/01/2008,275472
01/02/2008,282340
08/02/2008,283406
15/02/2008,287610
22/02/2008,290841
29/02/2008,287785
07/03/2008,294185
14/03/2008,294318
21/03/2008,294406
28/03/2008,301723
04/04/2008,298516
11/04/2008,296160
18/04/2008,298581
25/04/2008,302429
02/05/2008,308082
09/05/2008,308258
16/05/2008,302941
23/05/2008,294058
30/05/2008,289256
06/06/2008,284679
13/06/2008,283437
20/06/2008,284240
27/06/2008,282258
04/07/2008,276552
11/07/2008,279504
18/07/2008,277946
25/07/2008,277865
01/08/2008,279363
08/08/2008,279047
15/08/2008,288437
22/08/2008,288260
29/08/2008,286362
05/09/2008,280482
12/09/2008,274154
19/09/2008,272634
26/09/2008,276912
03/10/2008,285104
10/10/2008,290715
17/10/2008,293897
24/10/2008,294390
31/10/2008,294444
07/11/2008,294394
14/11/2008,295993
21/11/2008,303273
28/11/2008,302817
05/12/2008,303169
12/12/2008,303694
19/12/2008,300593
26/12/2008,301142
02/01/2009,307236
09/01/2009,308380
16/01/2009,314480
23/01/2009,320698
30/01/2009,327868
06/02/2009,332487
13/02/2009,332349
20/02/2009,333066
27/02/2009,332309
06/03/2009,332824
13/03/2009,334766
20/03/2009,338068
27/03/2009,340912
03/04/2009,342328
10/04/2009,347999
17/04/2009,351856
24/04/2009,355909
01/05/2009,356863
08/05/2009,352234
15/05/2009,350129
22/05/2009,344716
29/05/2009,347582
05/06/2009,343186
12/06/2009,339312
19/06/2009,335444
26/06/2009,331784
03/07/2009,329083
10/07/2009,326270
17/07/2009,324474
24/07/2009,329626
31/07/2009,331296
07/08/2009,333992
14/08/2009,325595
21/08/2009,325723
28/08/2009,325351
04/09/2009,319545
11/09/2009,314816
18/09/2009,317671
25/09/2009,320467
02/10/2009,319333
09/10/2009,319667
16/10/2009,320979
23/10/2009,321757
30/10/2009,317821
06/11/2009,319609
13/11/2009,318722
20/11/2009,319741
27/11/2009,321832
04/12/2009,318037
11/12/2009,314348
18/12/2009,309507
25/12/2009,307969
01/01/2010,306626
08/01/2010,310325
15/01/2010,309854
22/01/2010,305966
29/01/2010,308283
05/02/2010,310577
12/02/2010,313662
19/02/2010,316696
26/02/2010,320730
05/03/2010,322200
12/03/2010,323212
19/03/2010,330457
26/03/2010,333386
02/04/2010,335532
09/04/2010,333330
16/04/2010,335224
23/04/2010,337187
30/04/2010,339942
07/05/2010,341861
14/05/2010,342023
21/05/2010,344483
28/05/2010,342581
04/06/2010,340906
11/06/2010,342596
18/06/2010,344613
25/06/2010,342606
02/07/2010,337562
09/07/2010,332504
16/07/2010,332864
23/07/2010,340172
30/07/2010,337388
06/08/2010,334390
13/08/2010,333572
20/08/2010,337680
27/08/2010,341105
03/09/2010,339337
10/09/2010,336848
17/09/2010,337818
24/09/2010,337343
01/10/2010,340186
08/10/2010,339770
15/10/2010,340437
22/10/2010,345444
29/10/2010,347394
05/11/2010,343849
12/11/2010,336563
19/11/2010,337592
26/11/2010,338658
03/12/2010,334524
10/12/2010,324670
17/12/2010,319337
24/12/2010,318079
31/12/2010,313918
07/01/2011,311526
14/01/2011,314143
21/01/2011,318979
28/01/2011,321573
04/02/2011,323404
11/02/2011,324264
18/02/2011,325086
25/02/2011,324722
04/03/2011,327099
11/03/2011,328844
18/03/2011,330975
25/03/2011,333920
01/04/2011,335536
08/04/2011,337163
15/04/2011,334841
22/04/2011,340997
29/04/2011,344418
06/05/2011,348050
13/05/2011,348035
20/05/2011,348651
27/05/2011,351529
03/06/2011,346897
10/06/2011,343491
17/06/2011,341780
24/06/2011,337405
01/07/2011,336532
08/07/2011,333408
15/07/2011,329681
22/07/2011,331977
29/07/2011,332927
05/08/2011,327806
12/08/2011,332039
19/08/2011,329826
26/08/2011,335107
02/09/2011,331146
09/09/2011,324442
16/09/2011,317106
23/09/2011,319021
30/09/2011,314342
07/10/2011,315575
14/10/2011,310846
21/10/2011,315581
28/10/2011,317407
04/11/2011,315819
11/11/2011,314763
18/11/2011,308544
25/11/2011,312476
02/12/2011,313625
09/12/2011,311693
16/12/2011,301123
23/12/2011,305022
30/12/2011,307231
06/01/2012,309056
13/01/2012,305618
20/01/2012,309176
27/01/2012,313351
03/02/2012,313642
10/02/2012,313471
17/02/2012,315104
24/02/2012,319264
02/03/2012,320112
09/03/2012,321862
16/03/2012,320700
23/03/2012,327802
30/03/2012,336811
06/04/2012,339377
13/04/2012,343233
20/04/2012,347211
27/04/2012,350051
04/05/2012,355340
11/05/2012,357468
18/05/2012,358351
25/05/2012,360564
01/06/2012,358801
08/06/2012,358610
15/06/2012,361471
22/06/2012,361338
29/06/2012,357068
06/07/2012,352213
13/07/2012,351404
20/07/2012,354121
27/07/2012,347599
03/08/2012,343824
10/08/2012,340125
17/08/2012,334713
24/08/2012,338491
31/08/2012,331065
07/09/2012,332474
14/09/2012,341008
21/09/2012,338562
28/09/2012,338080
05/10/2012,339592
12/10/2012,342452
19/10/2012,348348
26/10/2012,346303
02/11/2012,347850
09/11/2012,348939
16/11/2012,347473
23/11/2012,347126
30/11/2012,344769
07/12/2012,344909
14/12/2012,343945
21/12/2012,343359
28/12/2012,332239
04/01/2013,333131
11/01/2013,332180
18/01/2013,334993
25/01/2013,340940
01/02/2013,343274
08/02/2013,343834
15/02/2013,347977
22/02/2013,349107
01/03/2013,352843
08/03/2013,355467
15/03/2013,354153
22/03/2013,357409
29/03/2013,360116
05/04/2013,359998
12/04/2013,358765
19/04/2013,359712
26/04/2013,366408
03/05/2013,366779
10/05/2013,366155
17/05/2013,365817
24/05/2013,368817
31/05/2013,362550
07/06/2013,365179
14/06/2013,365492
21/06/2013,365510
28/06/2013,355163
05/07/2013,345426
12/07/2013,338524
19/07/2013,335699
26/07/2013,336130
02/08/2013,334699
09/08/2013,331887
16/08/2013,330459
23/08/2013,333445
30/08/2013,331609
06/09/2013,330991
13/09/2013,326623
20/09/2013,329258
27/09/2013,334730
04/10/2013,341474
11/10/2013,345473
18/10/2013,350719
25/10/2013,354806
01/11/2013,355995
08/11/2013,358635
15/11/2013,359010
22/11/2013,361963
29/11/2013,356378
06/12/2013,345374
13/12/2013,342433
20/12/2013,337702
27/12/2013,330695
03/01/2014,326737
10/01/2014,319079
17/01/2014,320069
24/01/2014,326490
31/01/2014,326930
07/02/2014,329983
14/02/2014,330956
21/02/2014,331024
28/02/2014,332453
07/03/2014,338333
14/03/2014,344183
21/03/2014,350802
28/03/2014,348423
04/04/2014,352341
11/04/2014,362354
18/04/2014,365878
25/04/2014,367576
02/05/2014,366004
09/05/2014,366951
16/05/2014,359725
23/05/2014,361382
30/05/2014,357951
06/06/2014,355221
13/06/2014,354642
20/06/2014,356384
27/06/2014,353229
04/07/2014,350822
11/07/2014,343297
18/07/2014,339328
25/07/2014,335631
01/08/2014,334167
08/08/2014,335568
15/08/2014,331094
22/08/2014,329024
29/08/2014,328119
05/09/2014,327428
12/09/2014,331101
19/09/2014,326828
26/09/2014,325465
03/10/2014,330380
10/10/2014,339303
17/10/2014,346414
24/10/2014,348475
31/10/2014,348935
07/11/2014,346150
14/11/2014,348758
21/11/2014,350704
28/11/2014,347015
05/12/2014,348313
12/12/2014,347466
19/12/2014,354733
26/12/2014,352979
02/01/2015,348806
09/01/2015,354195
16/01/2015,364266
23/01/2015,373140
30/01/2015,379473
06/02/2015,383800
13/02/2015,391516
20/02/2015,399943
27/02/2015,410246
06/03/2015,415425
13/03/2015,425047
20/03/2015,433217
27/03/2015,437983
03/04/2015,449662
10/04/2015,450956
17/04/2015,456271
24/04/2015,458181
01/05/2015,454079
08/05/2015,451888
15/05/2015,449214
22/05/2015,446412
29/05/2015,444464
05/06/2015,438447
12/06/2015,435771
19/06/2015,430837
26/06/2015,433223
03/07/2015,433714
10/07/2015,429368
17/07/2015,431836
24/07/2015,427633
31/07/2015,423226
07/08/2015,421822
14/08/2015,424442
21/08/2015,418990
28/08/2015,423657
04/09/2015,426062
11/09/2015,423958
18/09/2015,422033
25/09/2015,425988
02/10/2015,429028
09/10/2015,436590
16/10/2015,444618
23/10/2015,447994
30/10/2015,450841
06/11/2015,454822
13/11/2015,455074
20/11/2015,456035
27/11/2015,457212
04/12/2015,453553
11/12/2015,458354
18/12/2015,452477
25/12/2015,455106
01/01/2016,450956
08/01/2016,451190
15/01/2016,455169
22/01/2016,463552
29/01/2016,471344
05/02/2016,470676
12/02/2016,472823
19/02/2016,476325
26/02/2016,486699
04/03/2016,490843
11/03/2016,492160
18/03/2016,501517
25/03/2016,503816
01/04/2016,498598
08/04/2016,505232
15/04/2016,507312
22/04/2016,509311
29/04/2016,512095
06/05/2016,508487
13/05/2016,509797
20/05/2016,505571
27/05/2016,504205
03/06/2016,501844
10/06/2016,500911
17/06/2016,499994
24/06/2016,495941
01/07/2016,493718
08/07/2016,491172
15/07/2016,488830
22/07/2016,490501
29/07/2016,491914
05/08/2016,492969
12/08/2016,490461
19/08/2016,492962
26/08/2016,495238
02/09/2016,480725
09/09/2016,480166
16/09/2016,473966
23/09/2016,472084
30/09/2016,469108
07/10/2016,473958
14/10/2016,468711
21/10/2016,468158
28/10/2016,482578
04/11/2016,485010
11/11/2016,490284
18/11/2016,489029
25/11/2016,488145
02/12/2016,485756
09/12/2016,483193
16/12/2016,485449
23/12/2016,486063
30/12/2016,479012
06/01/2017,483109
13/01/2017,485456
20/01/2017,488296
27/01/2017,494762
03/02/2017,508592
10/02/2017,518119
17/02/2017,518683
24/02/2017,520184
03/03/2017,528393
10/03/2017,528156
17/03/2017,533110
24/03/2017,533977
31/03/2017,535543
07/04/2017,533377
14/04/2017,532343
21/04/2017,528702
28/04/2017,527772
05/05/2017,522525
12/05/2017,520772
19/05/2017,516340
26/05/2017,509912
02/06/2017,513207
09/06/2017,511546
16/06/2017,509095
23/06/2017,509213
30/06/2017,502914
07/07/2017,495350
14/07/2017,490623
21/07/2017,483415
28/07/2017,481888
04/08/2017,475437
11/08/2017,466492
18/08/2017,463165
25/08/2017,457773
01/09/2017,462353
08/09/2017,468241
15/09/2017,472832
22/09/2017,470986
29/09/2017,464963
06/10/2017,462216
13/10/2017,456485
20/10/2017,457341
27/10/2017,454906
03/11/2017,457143
10/11/2017,458997
17/11/2017,457142
24/11/2017,453713
01/12/2017,448103
08/12/2017,442986
15/12/2017,436491
22/12/2017,431882
29/12/2017,424463
05/01/2018,419515
12/01/2018,412654
19/01/2018,411583
26/01/2018,418359
02/02/2018,420254
09/02/2018,422095
16/02/2018,420479
23/02/2018,423498
02/03/2018,425906
09/03/2018,430928
16/03/2018,428306
23/03/2018,429949
30/03/2018,425332
06/04/2018,428638
13/04/2018,427567
20/04/2018,429737
27/04/2018,435955
04/05/2018,433758
11/05/2018,432354
18/05/2018,438132
25/05/2018,434512
01/06/2018,436584
08/06/2018,432441
15/06/2018,426527
22/06/2018,416636
29/06/2018,417881
06/07/2018,405248
13/07/2018,411084
20/07/2018,404937
27/07/2018,408740
03/08/2018,407389
10/08/2018,414194
17/08/2018,408358
24/08/2018,405792
31/08/2018,401490
07/09/2018,396194
14/09/2018,394137
21/09/2018,395989
28/09/2018,403964
05/10/2018,409951
12/10/2018,416441
19/10/2018,422787
26/10/2018,426004
02/11/2018,431787
09/11/2018,442057
16/11/2018,446908
23/11/2018,450485
30/11/2018,443162
07/12/2018,441954
14/12/2018,441457
21/12/2018,441411
28/12/2018,441418
04/01/2019,439738
11/01/2019,437055
18/01/2019,445025
25/01/2019,445944
01/02/2019,447207
08/02/2019,450840
15/02/2019,454512
22/02/2019,445865
01/03/2019,452934
08/03/2019,449072
15/03/2019,439483
22/03/2019,442283
29/03/2019,449521
05/04/2019,456550
12/04/2019,455154
19/04/2019,460633
26/04/2019,470567
03/05/2019,466604
10/05/2019,472035
17/05/2019,476775
24/05/2019,476493
31/05/2019,483264
07/06/2019,485470
14/06/2019,482364
21/06/2019,469576
28/06/2019,468491
05/07/2019,458992
12/07/2019,455876
19/07/2019,445041
26/07/2019,436545
02/08/2019,438930
09/08/2019,440510
16/08/2019,437778
23/08/2019,427751
30/08/2019,422980
06/09/2019,416068
13/09/2019,417126
20/09/2019,419538
27/09/2019,422642
04/10/2019,425569
11/10/2019,434850
18/10/2019,433151
25/10/2019,438853
01/11/2019,446782
08/11/2019,449001
15/11/2019,450380
22/11/2019,451952
29/11/2019,447096
06/12/2019,447918
13/12/2019,446833
20/12/2019,441359
27/12/2019,429896
03/01/2020,431060
10/01/2020,428511
17/01/2020,428106
24/01/2020,431654
31/01/2020,435009
07/02/2020,442468
14/02/2020,442883
21/02/2020,443335
28/02/2020,444119
06/03/2020,451783
13/03/2020,453737
20/03/2020,455360
27/03/2020,469193
03/04/2020,484370
10/04/2020,503618
17/04/2020,518640
24/04/2020,527631
01/05/2020,532221
08/05/2020,531476
15/05/2020,526494
22/05/2020,534422
29/05/2020,532345
05/06/2020,538065
12/06/2020,539280
19/06/2020,540722
26/06/2020,533527
03/07/2020,539181
10/07/2020,531688
17/07/2020,536580
24/07/2020,525969
31/07/2020,518596
07/08/2020,514084
14/08/2020,512452
21/08/2020,507763
28/08/2020,498401
04/09/2020,500434
11/09/2020,496045
18/09/2020,494406
25/09/2020,492426
02/10/2020,492927
09/10/2020,489109
16/10/2020,488107
23/10/2020,492427
30/10/2020,484429
06/11/2020,488706
13/11/2020,489475
20/11/2020,488721
27/11/2020,488042
04/12/2020,503231
11/12/2020,500096
18/12/2020,499534
25/12/2020,493469
01/01/2021,485459
08/01/2021,482211
15/01/2021,486563
22/01/2021,476653
29/01/2021,475659
05/02/2021,469014
12/02/2021,461757
19/02/2021,463042
26/02/2021,484605
05/03/2021,498403
12/03/2021,500799
19/03/2021,502711
26/03/2021,501835
02/04/2021,498313
09/04/2021,492423
16/04/2021,493017
23/04/2021,493107
30/04/2021,485117
07/05/2021,484691
14/05/2021,486011
21/05/2021,484349
28/05/2021,479270
04/06/2021,474029
11/06/2021,466674
18/06/2021,459060
25/06/2021,452342
02/07/2021,445476
09/07/2021,437580
16/07/2021,439687
23/07/2021,435598
30/07/2021,439225
06/08/2021,438777
13/08/2021,435544
20/08/2021,432564
27/08/2021,425395
03/09/2021,423867
10/09/2021,417445
17/09/2021,413964
24/09/2021,418542
01/10/2021,420887
08/10/2021,426975
15/10/2021,426544
22/10/2021,430812
29/10/2021,434102
05/11/2021,435104
12/11/2021,433003
19/11/2021,434020
26/11/2021,433111
03/12/2021,432870
10/12/2021,428286
17/12/2021,423571
24/12/2021,419995
31/12/2021,417851
07/01/2022,413298
14/01/2022,413813
21/01/2022,416190
28/01/2022,415143
04/02/2022,410387
11/02/2022,411508
18/02/2022,416022
25/02/2022,413425
04/03/2022,411562
11/03/2022,415907
18/03/2022,413399
25/03/2022,409950
01/04/2022,412371
08/04/2022,421753
15/04/2022,413733
22/04/2022,414424
29/04/2022,415727
06/05/2022,424214
13/05/2022,420820
20/05/2022,419801
27/05/2022,414733
03/06/2022,416758
10/06/2022,418714
17/06/2022,418328
24/06/2022,415566
01/07/2022,423800
08/07/2022,427054
15/07/2022,426609
22/07/2022,422086
29/07/2022,426553
05/08/2022,432010
12/08/2022,424954
19/08/2022,421672
26/08/2022,418346
02/09/2022,427191
09/09/2022,429633
16/09/2022,430774
23/09/2022,430559
30/09/2022,429203
07/10/2022,439082
14/10/2022,437357
21/10/2022,439945
28/10/2022,436830
04/11/2022,440755
11/11/2022,435355
18/11/2022,431665
25/11/2022,419084
02/12/2022,413898
09/12/2022,424129
16/12/2022,418234
23/12/2022,418952
30/12/2022,420646
06/01/2023,439607
13/01/2023,448015
20/01/2023,448548
27/01/2023,452688
03/02/2023,455111
10/02/2023,471394
17/02/2023,479041
24/02/2023,480207
03/03/2023,478513
10/03/2023,480063
17/03/2023,481180
24/03/2023,473691
31/03/2023,469952
07/04/2023,470549
14/04/2023,465968
21/04/2023,460914
28/04/2023,459633
05/05/2023,462584
12/05/2023,467624
19/05/2023,455168
26/05/2023,459657
02/06/2023,459205
09/06/2023,467124
16/06/2023,463293
23/06/2023,453690
30/06/2023,452182
07/07/2023,458128
14/07/2023,457420
21/07/2023,456820
28/07/2023,439771
04/08/2023,445622
11/08/2023,439662
18/08/2023,433528
25/08/2023,422944
01/09/2023,416637
08/09/2023,420592
15/09/2023,418456
22/09/2023,416287
29/09/2023,414063
06/10/2023,424239
13/10/2023,419748
20/10/2023,421120
27/10/2023,421893
03/11/2023,435762
10/11/2023,439354
17/11/2023,448054
24/11/2023,449664
01/12/2023,445031
08/12/2023,440773
15/12/2023,443682
22/12/2023,436568
29/12/2023,431065
05/01/2024,432403
12/01/2024,429911
19/01/2024,420678
26/01/2024,421912
02/02/2024,427432
09/02/2024,439450
16/02/2024,442964
23/02/2024,447163
01/03/2024,448530
08/03/2024,446994
15/03/2024,445042
22/03/2024,448207
29/03/2024,451417
05/04/2024,457258
12/04/2024,459993
19/04/2024,453625
26/04/2024,460890
03/05/2024,459528
10/05/2024,457020
17/05/2024,458845
24/05/2024,454689
31/05/2024,455922
07/06/2024,459652
14/06/2024,457105
21/06/2024,460696
28/06/2024,448539
05/07/2024,445096
12/07/2024,440226
19/07/2024,436485
26/07/2024,433049
02/08/2024,429321
09/08/2024,430678
16/08/2024,426029
23/08/2024,425183
30/08/2024,418310
06/09/2024,419143
13/09/2024,417513
20/09/2024,413042
27/09/2024,416931
04/10/2024,422741
11/10/2024,420550
18/10/2024,426024
25/10/2024,425509
01/11/2024,427658
08/11/2024,429747
15/11/2024,430292
22/11/2024,428448
29/11/2024,423375
06/12/2024,421950
13/12/2024,421016
20/12/2024,416779
27/12/2024,415601
03/01/2025,414642
10/01/2025,412680
17/01/2025,411663
24/01/2025,415126
31/01/2025,423790
07/02/2025,427860
14/02/2025,432493
21/02/2025,430161
28/02/2025,433775
07/03/2025,435223
14/03/2025,436968
21/03/2025,433627
28/03/2025,439792
04/04/2025,442345
,
